{
    "control_points": [
        {
            "x": 0.009999999776482582,
            "y": 0.0,
            "z": 0.0
        },
        {
            "x": 0.0,
            "y": -0.10999999940395355,
            "z": 8.199999809265137
        },
        {
            "x": 0.0,
            "y": 3.740000009536743,
            "z": 12.210000038146973
        },
        {
            "x": 0.0,
            "y": 8.170000076293945,
            "z": 16.049999237060547
        },
        {
            "x": 0.0,
            "y": 11.300000190734863,
            "z": 22.84000015258789
        },
        {
            "x": 1.8200000524520874,
            "y": 12.279999732971191,
            "z": 33.900001525878906
        },
        {
            "x": 7.570000171661377,
            "y": 10.100000381469727,
            "z": 40.040000915527344
        },
        {
            "x": 10.520000457763672,
            "y": 7.880000114440918,
            "z": 36.54999923706055
        },
        {
            "x": 9.0,
            "y": 6.199999809265137,
            "z": 29.139999389648438
        },
        {
            "x": 3.490000009536743,
            "y": 4.409999847412109,
            "z": 26.889999389648438
        },
        {
            "x": -0.4699999988079071,
            "y": 3.049999952316284,
            "z": 28.989999771118164
        },
        {
            "x": -0.33000001311302185,
            "y": 1.440000057220459,
            "z": 34.2400016784668
        },
        {
            "x": 4.460000038146973,
            "y": 0.029999999329447746,
            "z": 36.95000076293945
        },
        {
            "x": 9.6899995803833,
            "y": -2.309999942779541,
            "z": 34.5
        },
        {
            "x": 7.079999923706055,
            "y": -4.159999847412109,
            "z": 29.170000076293945
        },
        {
            "x": 2.2200000286102295,
            "y": -5.670000076293945,
            "z": 30.639999389648438
        },
        {
            "x": -0.6899999976158142,
            "y": -6.360000133514404,
            "z": 35.75
        },
        {
            "x": -0.6899999976158142,
            "y": -6.360000133514404,
            "z": 45.130001068115234
        },
        {
            "x": 5.690000057220459,
            "y": -6.360000133514404,
            "z": 51.08000183105469
        },
        {
            "x": 14.75,
            "y": -6.360000133514404,
            "z": 51.2599983215332
        },
        {
            "x": 22.559999465942383,
            "y": -6.360000133514404,
            "z": 52.2599983215332
        },
        {
            "x": 30.489999771118164,
            "y": -6.360000133514404,
            "z": 53.2599983215332
        }
    ]
}